<?xml version="1.0"?>
<sprite>

	<imageset name="base" src="graphics/sprites/monster-reaper.png" width="100" height="100" />

	<action name="stand" imageset="base">
		<animation direction="down">
			<frame index="45" offsetX="-3" offsetY="-2"/>
		</animation>
		<animation direction="up">
			<frame index="45" offsetX="-3" offsetY="-2"/>
		</animation>
		<animation direction="right">
			<frame index="45" offsetX="-6" offsetY="-2"/>
		</animation>
		<animation direction="left">
			<frame index="45" offsetX="-1" offsetY="-2"/>
		</animation>
	</action>

	<action name="walk" imageset="base">
		<animation direction="down">
			<frame index="45" offsetX="-3" offsetY="-2"/>
		</animation>
		<animation direction="up">
			<frame index="45" offsetX="-3" offsetY="-2"/>
		</animation>
		<animation direction="right">
			<frame index="45" offsetX="-6" offsetY="-2"/>
		</animation>
		<animation direction="left">
			<frame index="45" offsetX="-1" offsetY="-2"/>
		</animation>
	</action>

	<action name="attack" imageset="base">
		<animation direction="down">
			<frame index="45" offsetX="-3" offsetY="-2"/>
		</animation>
		<animation direction="up">
			<frame index="45" offsetX="-3" offsetY="-2"/>
		</animation>
		<animation direction="right">
			<frame index="45" offsetX="-6" offsetY="-2"/>
		</animation>
		<animation direction="left">
			<frame index="45" offsetX="-1" offsetY="-2"/>
		</animation>
	</action>
	
	<action name="dead" imageset="base">
		<animation>
			<frame index="46"/><!-- Deixa invisivel -->
		  	<end />
		</animation>
	</action>

</sprite>
