<emotes>
	<emote id="0"><sprite name="Nojo" variant="0">emote.xml</sprite></emote>
	<emote id="1"><sprite name="Surpresa" variant="1">emote.xml</sprite></emote>
	<emote id="2"><sprite name="Feliz" variant="2">emote.xml</sprite></emote>
	<emote id="3"><sprite name="Triste" variant="3">emote.xml</sprite></emote>
	<emote id="4"><sprite name="Perverso" variant="4">emote.xml</sprite></emote>
	<emote id="5"><sprite name="Pisca" variant="5">emote.xml</sprite></emote>
	<emote id="6"><sprite name="Anjo" variant="6">emote.xml</sprite></emote>
	<emote id="7"><sprite name="Vergonha" variant="7">emote.xml</sprite></emote>
	<emote id="8"><sprite name="Deboche" variant="8">emote.xml</sprite></emote>
	<emote id="9"><sprite name="Sorriso" variant="9">emote.xml</sprite></emote>
	<emote id="10"><sprite name="Raiva" variant="10">emote.xml</sprite></emote>
	<emote id="11"><sprite name="Perturbado" variant="11">emote.xml</sprite></emote>
	<emote id="12"><sprite name="Fala" variant="14">emote.xml</sprite></emote>
	<emote id="13"><sprite name="Blah Blah Blah" variant="13">emote.xml</sprite></emote>
</emotes>
