<?xml version="1.0" encoding="UTF-8"?>
<OpenSearchDescription xmlns="http://a9.com/-/spec/opensearch/1.1/" xmlns:moz="http://www.mozilla.org/2006/browser/search/">
  <ShortName>The Mana World</ShortName> 
  <Description>Buscador de assuntos do forum brasileiro do jogo The Mana World</Description>
  <Image width="16" height="16">http://www.themanaworld.com.br/images/icon16.png</Image>
  <Developer>Lunovox</Developer>
  <Contact>rui.gravata@hotmail.com</Contact>
  <InputEncoding>UTF-8</InputEncoding>
  <Url 
	  type="text/html" method="get" 
	  template="http://forums.themanaworld.com.br/search.php?keywords={searchTerms}"
  /> 
<!-- FONTE: http://mycroft.mozdev.org/opensearch.xml -->
</OpenSearchDescription>

