<?xml version="1.0" encoding="utf-8"?>
<skills>
  <!-- HABILIDADES BÁSICAS (ATIVADAS POR NPC) -->
  <skill id="1" name="Emoticons" fixed="1"/>
  <skill id="2" name="Negociação (Trade)" fixed="1"/>
  <skill id="3" name="Grupo (Party)" fixed="1"/>
  <!-- HABILIDADES DO ORG -->
  <skill id="340" name="Magia" fixed="1"/>
  <skill id="341" name="Life Magic" fixed="1"/>
  <skill id="342" name="War Magic" fixed="1"/>
  <skill id="343" name="Transmutation Magic" fixed="1"/>
  <skill id="344" name="Nature Magic" fixed="1"/>
  <skill id="345" name="Astral Magic" fixed="1"/>
  <!-- CLASSES DO BRASIL -->
  <skill id="397" name="Bruxaria" fixed="1"/>

  <skill id="400" name="Cavaleiro / Amazona" fixed="1"/>
  <skill id="401" name="Druida / Druidesa" fixed="1"/>
  <skill id="402" name="Mago / Feiticeira" fixed="1"/>
  <skill id="403" name="Ninja / Kunoichi" fixed="1"/>
  <skill id="404" name="Clérigo / Sacerdotisa" fixed="1"/>
  <skill id="405" name="Necromante" fixed="1"/>
</skills>
