<?xml version="1.0"?>
<sprite>

	<imageset name="base" src="graphics/sprites/npcs/dracula.png" width="100" height="100"/>

	<action name="stand" imageset="base">
		<animation direction="default">
			<!-- transformação -->
			<frame index="3" delay="100"/>
			<frame index="4" delay="100"/>
			<frame index="5" delay="100"/>
			<frame index="6" delay="100"/>
			<frame index="7" delay="100"/>
			<frame index="8" delay="100"/>
			<frame index="9" delay="100"/>
			<frame index="10" delay="100"/>
			<frame index="11" delay="100"/>
			<frame index="12" delay="100"/>
			<frame index="13"/>
		</animation>
	</action>

</sprite>
