<?xml version="1.0"?>
<sprite>

	<imageset name="base" src="graphics/sprites/npcs/dracula.png" width="100" height="100"/>

	<action name="stand" imageset="base">
		<animation direction="default">
			<!-- aparição -->
			<frame index="7" delay="100"/>
			<frame index="6" delay="100"/>
			<frame index="5" delay="100"/>
			<frame index="4" delay="100"/>
			<frame index="3" delay="100"/>

			<!-- voo -->
			<frame index="0" delay="75"/>
			<frame index="1" delay="75"/>
			<frame index="2" delay="75"/>
			<frame index="1" delay="75"/>

			<frame index="0" delay="75"/>
			<frame index="1" delay="75"/>
			<frame index="2" delay="75"/>
			<frame index="1" delay="75"/>

			<frame index="0" delay="75"/>
			<frame index="1" delay="75"/>
			<frame index="2" delay="75"/>
			<frame index="1" delay="75"/>
		</animation>
	</action>

</sprite>
