<?xml version="1.0"?>
<sprite>

	<imageset name="base" src="graphics/sprites/monsters/morcego-negro.png" width="37" height="58"/>

	<action name="stand" imageset="base">
		<animation direction="down">
			<sequence start="1" end="4" delay="50" offsetY ="0"/>
		</animation>
		<animation direction="left">
			<sequence start="11" end="14" delay="50" offsetY ="0"/>
		</animation>
		<animation direction="up">
			<sequence start="21" end="24" delay="50" offsetY ="0"/>
		</animation>
		<animation direction="right">
			<sequence start="31" end="34" delay="50" offsetY ="0"/>
		</animation>
	</action>

	<action name="dead" imageset="base">
		<animation direction="down">
			<frame index="9" offsetY ="0"/>
		</animation>
		<animation direction="left">
			<frame index="19" offsetY ="0"/>
		</animation>
		<animation direction="up">
			<frame index="29" offsetY ="0"/>
		</animation>
		<animation direction="right">
			<frame index="39" offsetY ="0"/>
		</animation>
	</action>

	<action name="attack" imageset="base">
		<animation direction="down">
			<sequence start="5" end="8" delay="75" offsetY ="0"/>
			<end/>
		</animation>
		<animation direction="left">
			<sequence start="15" end="18" delay="75" offsetY ="0"/>
			<end/>
		</animation>
		<animation direction="up">
			<sequence start="25" end="28" delay="75" offsetY ="0"/>
			<end/>
		</animation>
		<animation direction="right">
			<sequence start="35" end="38" delay="75" offsetY ="0"/>
			<end/>
		</animation>
	</action>

</sprite>