<?xml version="1.0"?>
<sprite>
	<imageset name="base" src="graphics/sprites/monsters/rato.png|W" width="32" height="32" />

	<action name="stand" imageset="base">
		<animation direction="down">
			<frame index="0" delay="300"/>
			<frame index="1" delay="300"/>
			<frame index="0" delay="300"/>
			<frame index="1" delay="300"/>
			<frame index="0" delay="300"/>
			<frame index="1" delay="300"/>
			<frame index="0" delay="300"/>
			<frame index="1" delay="300"/>
			<frame index="0" delay="1500"/>
			<frame index="2" delay="300"/>
			<frame index="3" delay="300"/>
			<frame index="2" delay="300"/>
			<frame index="3" delay="300"/>
			<frame index="2" delay="300"/>
			<frame index="3" delay="300"/>
			<frame index="2" delay="300"/>
			<frame index="3" delay="300"/>
			<frame index="0" delay="1000"/>
			<frame index="1" delay="300"/>
			<frame index="2" delay="300"/>
			<frame index="3" delay="300"/>
			<frame index="0" delay="700"/>
		</animation>
		<animation direction="right">
			<frame index="7" delay="300"/>
			<frame index="8" delay="300"/>
			<frame index="7" delay="300"/>
			<frame index="8" delay="300"/>
			<frame index="7" delay="300"/>
			<frame index="8" delay="300"/>
			<frame index="7" delay="300"/>
			<frame index="8" delay="300"/>
			<frame index="7" delay="1500"/>
			<frame index="9" delay="300"/>
			<frame index="10" delay="300"/>
			<frame index="9" delay="300"/>
			<frame index="10" delay="300"/>
			<frame index="9" delay="300"/>
			<frame index="10" delay="300"/>
			<frame index="9" delay="300"/>
			<frame index="10" delay="300"/>
			<frame index="7" delay="1000"/>
			<frame index="8" delay="300"/>
			<frame index="9" delay="300"/>
			<frame index="10" delay="300"/>
			<frame index="7" delay="700"/>
		</animation>
		<animation direction="left">
			<frame index="14" delay="300"/>
			<frame index="15" delay="300"/>
			<frame index="14" delay="300"/>
			<frame index="15" delay="300"/>
			<frame index="14" delay="300"/>
			<frame index="15" delay="300"/>
			<frame index="14" delay="300"/>
			<frame index="15" delay="300"/>
			<frame index="14" delay="1500"/>
			<frame index="16" delay="300"/>
			<frame index="17" delay="300"/>
			<frame index="16" delay="300"/>
			<frame index="17" delay="300"/>
			<frame index="16" delay="300"/>
			<frame index="17" delay="300"/>
			<frame index="16" delay="300"/>
			<frame index="17" delay="300"/>
			<frame index="14" delay="1000"/>
			<frame index="15" delay="300"/>
			<frame index="16" delay="300"/>
			<frame index="17" delay="300"/>
			<frame index="14" delay="700"/>
		</animation>
		<animation direction="up">
			<frame index="21" delay="300"/>
			<frame index="22" delay="300"/>
			<frame index="21" delay="300"/>
			<frame index="22" delay="300"/>
			<frame index="21" delay="300"/>
			<frame index="22" delay="300"/>
			<frame index="21" delay="300"/>
			<frame index="22" delay="300"/>
			<frame index="21" delay="1500"/>
			<frame index="23" delay="300"/>
			<frame index="24" delay="300"/>
			<frame index="23" delay="300"/>
			<frame index="24" delay="300"/>
			<frame index="23" delay="300"/>
			<frame index="24" delay="300"/>
			<frame index="23" delay="300"/>
			<frame index="24" delay="300"/>
			<frame index="21" delay="1000"/>
			<frame index="22" delay="300"/>
			<frame index="23" delay="300"/>
			<frame index="24" delay="300"/>
			<frame index="21" delay="700"/>
		</animation>
	</action>

	<action name="walk" imageset="base">
		<animation direction="down">
			<frame index="4" delay="100"/>
			<frame index="3" delay="100"/>
			<frame index="5" delay="100"/>
			<frame index="3" delay="100"/>
		</animation>
		<animation direction="right">
			<frame index="11" delay="100"/>
			<frame index="10" delay="100"/>
			<frame index="12" delay="100"/>
			<frame index="10" delay="100"/>
		</animation>
		<animation direction="left">
			<frame index="18" delay="100"/>
			<frame index="17" delay="100"/>
			<frame index="19" delay="100"/>
			<frame index="17" delay="100"/>
		</animation>
		<animation direction="up">
			<frame index="25" delay="100"/>
			<frame index="24" delay="100"/>
			<frame index="26" delay="100"/>
			<frame index="24" delay="100"/>
		</animation>
	</action>

	<action name="attack" imageset="base">
		<animation direction="down">
			<frame index="6" delay="1000"/>
		</animation>
		<animation direction="right">
			<frame index="13" delay="1000"/>
		</animation>
		<animation direction="left">
			<frame index="20" delay="1000"/>
		</animation>
		<animation direction="up">
			<frame index="27" delay="1000"/>
		</animation>
	</action>

	<action name="dead" imageset="base">
		<animation>
			<frame index="28" delay="2500" />
		</animation>
	</action>

</sprite>
